<?xml version="1.0" encoding="UTF-8"?>
<PluginProperties>
f    <Base>
        <Plugin Description="GP-200"/>
        <Version Plugin="1.0" Configuration="1.0"/>
        <Copyright Description="Valeton"/>
    </Base>
    <Modules>


        <Catalog Name = "PRE">
            <Algorithm Name="COMP" ID="0" Index="0" description="Baseado no Ross™ Compressor, criador do efeito de compressão de guitarra. Com ele, o efeito de compressão de guitarra se torna um elemento importante no futuro. Ele tem um efeito de compressão muito natural e suave.">
            </Algorithm>

            <Algorithm Name="COMP4" ID="1" Index="1" description="Baseado no Keeley ® C4 de 4 botões*. Um efeito de compressão de nível de estúdio de gravação. Senso claro de hierarquia, a quantidade certa de alta frequência torna o som da sua guitarra mais brilhante.">
            </Algorithm>

            <Algorithm Name="S-Comp" ID="3" Index="2" description="Compressor flexível e totalmente ajustável.">
            </Algorithm>

            <Algorithm Name="Micro Boost" ID="20" Index="3" description="Baseado no MXR® M133 Micro Amp. Fornecendo até 20dB de ganho, o Micro Boost eleva o som do seu amplificador sem alterar seu caráter tonal.">
            </Algorithm>

            <Algorithm Name="AC Boost" ID="10" Index="4" description="Baseado no Xotic® AC Booster*. É um pedal drive/boost com um som suave e bonito, perfeito para dar um toque extra ao seu amplificador valvulado.">
            </Algorithm>

            <Algorithm Name="B-Boost" ID="11" Index="5" description="Qualquer guitarrista pode se beneficiar do pedal overdrive Xotic® BB Preamp*. O pedal funciona igualmente bem para obter tons overdrive espessos e cremosos com ótima sustentação, assim como para empurrar o front end limpo de um amplificador já acionado com até 30dB de aumento.">
            </Algorithm>

            <Algorithm Name="P-Boost" ID="12" Index="6" description="Baseado no Xotic® RC Booster*. Fornece um aumento supertransparente de 20dB sem alterar seu timbre cuidadosamente elaborado. E oferece um canal de ganho adicional para mais volume. Aproveite a faixa de +/-15 dB nos controles de equalização de agudos e graves e imbua o som da sua guitarra com uma complexidade harmônica inacreditável. Os controles de equalização também compensam o estrondo extra de graves que o aumento de volume pode causar e são ótimos para combinar a resposta de várias guitarras.">
            </Algorithm>

            <Algorithm Name="14 Boost" ID="14" Index="7" description="Baseado no Fortin®Grind*. Ele fornece até +20dB de aumento que vai apertar e adicionar agressividade a qualquer amplificador valvulado ou de estado sólido. O surpreendente baixo nível de ruído e o alto Z de entrada do GRIND permitem que cada nuance do caráter do instrumento seja transmitida inalterada.">
            </Algorithm>

            <Algorithm Name="FAT BB" ID="25" Index="8" description="Este é um amplificador e pré-amplificador limpo com um filtro de corte de graves comutável e controles separados de graves e agudos.">
            </Algorithm>

            <Algorithm Name="Boost" ID="26" Index="9" description="Baseado no Xotic® EP Booster*. Fornece +20DB de elevação de estimulação pura, baixa frequência forte, alta frequência brilhante, tornando o som claro mais agradável.">
            </Algorithm>

            <Algorithm Name="AC Refiner" ID="16777216" Index="10" description="Projetado para instrumentos acústicos, proporcionando um som acústico mais natural e &quot;amadeirado&quot;.">
            </Algorithm>

            <Algorithm Name="AC Sim" ID="16777217" Index="11" description="Simulador de violão acústico. Seu protótipo vem de um pedal analógico clássico de violão acústico.">
            </Algorithm>

            <Algorithm Name="T-Wah" ID="16777231" Index="12" description="Controle o som wah tocando com intensidade. Um filtro Q de envelope de amplo alcance (também conhecido como touch wah) projetado para guitarristas e baixistas que é sensível ao toque e flexível.">
            </Algorithm>

            <Algorithm Name="A-WAH" ID="16777237" Index="13" description="Defina a taxa para fazer o pedal wah funcionar regularmente. Fornecendo um efeito wah automático variável para guitarras e baixos.">
            </Algorithm>

            <Algorithm Name="Step Filter" ID="16777241" Index="14" description="Uma máquina de filtro automático de 4 etapas para criar sons semelhantes aos de sintetizadores.">
            </Algorithm>

            <Algorithm Name="OCTA" ID="16777249" Index="15" description="Oferece efeito de oitava polifônica.">
            </Algorithm>

            <Algorithm Name="Pitch" ID="16777251" Index="16" description="Deslocador de tom/harmonizador polifônico.">
            </Algorithm>

            <Algorithm Name="P-Bend" ID="16777252" Index="17" description="Deslocador de tom/harmonizador polifônico.">
            </Algorithm>

            <Algorithm Name="Ring Mod" ID="16777263" Index="18" description="Use o Ring Modulator para criar espectros de frequência não-harmônica interessantes (como sinos e metais).">
            </Algorithm>

            <Algorithm Name="Saturate" ID="16777267" Index="19" description="Simulador vintage de saturação em fita que proporciona calor analógico e distorção natural.">
            </Algorithm>

            <Algorithm Name="hammy" ID="16777289" Index="18" description="Baseado no pedal de pitch shifter monofônico Whammy®*. Atribua um parâmetro em Position do pedal de expressão para obter o efeito desejado.">
            </Algorithm>

            <Algorithm Name="Auto Swell" ID="67108909" Index="21" description="Este é um efeito de auto swell com dois parâmetros que são fáceis de entender e usar. Ele pode fazer a guitarra soar como um violino.">
            </Algorithm>

            <Algorithm Name="Hold" ID="67108911" Index="22" description="Efeito pode capturar o som por um curto período de tempo e depois fazê-lo tocar em loop. O parâmetro Activate (liga/desliga) pode ser atribuído tanto ao pedal de expressão como também no CTRL.">
            </Algorithm>

            <Algorithm Name="Freeze" ID="67108912" Index="23" description="Efeito que pode congelar o som no momento da ativação e mantê-lo tocando indefinitivamente. O parâmetro Activate (liga/desliga) pode ser atribuído tanto ao pedal de expressão como também no CTRL.">
            </Algorithm>

            <Algorithm Name="OD 9" ID="50331649" Index="1" description="O Ibanez® Tube Screamer® TS9 que é sinônimo do tom transparente de overdrive usado por muitos dos melhores guitarristas da atualidade. O pedal aumenta o sinal da guitarra o suficiente para acionar o estágio de pré-amp do seu amplificador, proporcionando um overdrive puro e natural além de um crunch mais nítido.">
            </Algorithm>

            <Algorithm Name="Yellow OD" ID="50331650" Index="2" description="Artistas dos anos 70 usavam principalmente uma distorção fuzz e o overdrive produzido por ele não era típico. No entanto, logo foi aceito como o novo padrão de som de guitarra. Ele apresenta um circuito assimétrico onde as metades positiva e negativa da forma de onda não são distorcidas igualmente. O som, portanto, ainda está próximo do original, embora a distorção tenha sido adicionada.">
            </Algorithm>

            <Algorithm Name="Penesas" ID="50331668" Index="3" description="Baseado no lendário Klon® Centaur*. Este overdrive dá a você uma sensação autêntica de amplificador em uma caixa com caráter sonoro completo e rico que não é áspero ou estrondoso. Gire o botão Gain para o mínimo e você terá um boost limpo soberbo.">
            </Algorithm>

            <Algorithm Name="Blues OD" ID="50331657" Index="7" description="Seja um overdrive quente e natural ou uma distorção totalmente aberta, ele dá à sua guitarra mais expressão, facilita o controle do timbre e permite variações sutis no seu estilo pessoal de tocar.">
            </Algorithm>

            <Algorithm Name="Super OD" ID="50331654" Index="5" description="Um exclusivo efeito overdrive assimétrico adiciona um efeito overdrive quente e agradável ao timbre tradicional da guitarra.">
            </Algorithm>

            <Algorithm Name="Harmonizer 1" ID="16777293" Index="24" description="Com mudança máxima de uma oitava, é um modelo de harmonizador automático monofônico de voz única. Configurações detalhadas de tom, escala e intervalo podem lhe trazer muita diversão.">
            </Algorithm>

            <Algorithm Name="Harmonizer 2" ID="16777294" Index="25" description="Com mudança máxima de uma oitava, é um modelo de harmonizador automático monofônico de voz dupla. Configurações detalhadas de tom, escala e intervalo podem lhe trazer muita diversão.">
            </Algorithm>
        </Catalog>


        <Catalog Name = "WAH">
            <Algorithm Name="V-Wah" ID="83886081" Index="0" description="Baseado no lendário wah VOX® V846*. O primeiro pedal wa-wah foi originalmente projetado para permitir que o instrumento de sopro que passasse por ele produzisse um som &quot;wa-wah&quot; mais emocionalmente expressivo. A amplitude é pequena e atua entre frequência média e alta.">
            </Algorithm>

            <Algorithm Name="C-Wah" ID="83886088" Index="1" description="Baseado no Dunlop® CryBaby®*. O clássico pedal wah tradicional dos anos 60, possuí timbre neutro, atuando entre as frequências baixas e médias e amplitude moderada.">
            </Algorithm>

            <Algorithm Name="P-Wah" ID="83886090" Index="2" description="Baseado nas configurações de rack wah de John Petrucci, este Cry Baby® Wah possui controles de volume, Q e um EQ para o máximo controle tonal sobre o som do wah.">
            </Algorithm>

            <Algorithm Name="S-Wah" ID="83886086" Index="3" description="Tom wah clássico. Basta pressionar para baixo e sentir o varredura vocal e os harmônicos exuberantes da era clássica do wah. É como guardar um pequeno jimi hendrix no seu bolso.">
            </Algorithm>

            <Algorithm Name="B-Wah" ID="83886087" Index="4" description="Wah pensado e projetado para baixos.">
            </Algorithm>

            <Algorithm Name="hammy" ID="16777289" Index="5" description="Baseado no clássico pitch shifter monofônico Whammy®*. Atribua o parâmetro Position ao pedal de expressão, então mova o pedal para obter o efeito.">
            </Algorithm>
        </Catalog>


        <Catalog Name = "DST">
            <Algorithm Name="Green OD" ID="50331648" Index="0" description="Baseado no overdrive Ibanez® TS-808 Tube Screamer®*. Desde que foi mostrado pela primeira vez ao mundo em 1979, o TS808 abriu um novo mundo. Existem inúmeros guitarristas que o amam. É um efeito overdrive quente e delicado. Pode ser usado como overdrive ou Boost e assim, podendo ser usado em uma variedade de estilos musicais.">
            </Algorithm>

            <Algorithm Name="OD 9" ID="50331649" Index="1" description="Baseado no Ibanez® Tube Screamer® TS9 que é sinônimo do tom transparente de overdrive usado por muitos dos melhores guitarristas da atualidade. O pedal aumenta o sinal da guitarra o suficiente para acionar o estágio de pré-amplificador do seu amplificador, proporcionando um overdrive puro e natural e um ritmo crocante e nítido.">
            </Algorithm>

            <Algorithm Name="Yellow OD" ID="50331650" Index="2" description="O artista dos anos 70 usava principalmente, um som de distorção fuzz e o overdrive produzido por ele não era típico. No entanto, logo foi aceito como o novo padrão de som de guitarra. Apresenta um circuito assimétrico onde as metades positiva e negativa da forma de onda não são distorcidas igualmente. O som, portanto, ainda está próximo do original, embora a distorção tenha sido adicionada.">
            </Algorithm>

            <Algorithm Name="Penesas" ID="50331668" Index="3" description="Baseado no Klon® Centaur*. Este modelo overdrive dá a você uma sensação autêntica de amplificador em uma caixa com caráter sonoro completo e rico que não é áspero ou estrondoso. Gire o botão Gain para o mínimo e você terá um boost limpo soberbo.">
            </Algorithm>

            <Algorithm Name="Swarm" ID="50331652" Index="4" description="O pedal Providence® SOV-2 Stampede OD foi projetado para fornecer overdrive natural sem obscurecer as características inerentes e o timbre da guitarra que está sendo usada. Ele apresenta uma fonte de alimentação bipolar especial que alimenta o circuito interno com voltagem aumentada, fornecendo uma faixa dinâmica mais ampla do que a possível com overdrives convencionais de 9 volts. Para tons de lead cantados e ritmos sólidos e robustos, não há nada como o SOV-2 Stampede OD.">
            </Algorithm>

            <Algorithm Name="Super OD" ID="50331654" Index="5" description="Exclusivo circuito de efeito overdrive assimétrico que adiciona um efeito overdrive quente e agradável ao timbre tradicional da guitarra.">
            </Algorithm>

            <Algorithm Name="Scream OD" ID="50331656" Index="6" description="Baseado em um overdrive similar ao Tube Screamer®, com características de timbre exclusivas.">
            </Algorithm>

            <Algorithm Name="Blues OD" ID="50331657" Index="7" description="Seja um overdrive quente e natural ou uma distorção totalmente aberta, ele dá à sua guitarra mais expressão, facilitando o controle do timbre e permitindo variações sutis ao seu estilo pessoal de tocar.">
            </Algorithm>

            <Algorithm Name="Force" ID="50331658" Index="8" description="Fulltone® OCD*. Soa como encontrar o “ponto ideal” no seu amplificador favorito. Produz tons overdrive que soam quentes e cheios, com resposta genuína tipo válvula. Não há escassez de drive utilizável, o que significa que ele aumenta dinamicamente a granulação overdrive de sobretons sujos para distorção saturada na faixa suave de seu controle de drive.">
            </Algorithm>

            <Algorithm Name="Blues Master" ID="50331662" Index="9" description="O Marshall® BluesBreaker* é um pedal de baixo ganho com timbre transparente excepcional. Overdrive moderado e boost sutil são os pontos fortes, embora ele possa ficar muito enfático com um amplificador valvulado aumentado.">
            </Algorithm>

            <Algorithm Name="Master OD" ID="50331663" Index="10" description="O estágio de equalização é extremamente amplo, oferecendo opções na modelagem de agudos, médios e graves. No estágio de ganho, ele vai de um timbre limpo a um timbre bem conduzido, tipo JCM800, e é aí também que reside sua mágica.">
            </Algorithm>

            <Algorithm Name="TaiChi OD" ID="50331664" Index="11" description="Hermida® Zendrive® ganhou fama por causa de seu timbre tipo tubo. Obtenha o equilíbrio perfeito de saturação e harmônicos necessários para resultar em todos os &apos;intangíveis&apos; timbres que fazem um pedal overdrive soar como um overdrive de amplificador real. Coisas como sensibilidade ao toque e resposta ao timbre da guitarra, além de mudanças no controle de volume o tornam único.">
            </Algorithm>

            <Algorithm Name="Timmy OD" ID="50331678" Index="12" description="O overdrive Paul Cochrane® Timmy* foi um dos pedais de overdrive de boutique originais, gerando seguidores dedicados com base em seu timbre de drive aberto e não comprimindo e boas opções de equalização.">
            </Algorithm>

            <Algorithm Name="Precise OD" ID="50331676" Index="13" description="Horizon Devices® Precision Drive* overdrive. Equipamento de metal moderno perfeito com controles de escultura tonal precisos. O noise gate integrado garante a limpeza e a clareza do timbre.">
            </Algorithm>

            <Algorithm Name="Lazaro" ID="50331682" Index="14" description="Baseado no Electro-Harmonix® Big Mu Pi®*. É uma parede sonora muito individual, quente e espessa, inquieta, mas cheia de beleza.">
            </Algorithm>

            <Algorithm Name="Red Haze" ID="50331684" Index="15" description="Baseado no Dallas-Arbiter® Fuzz Face®*. O Dallas Arbiter evocou o som do rock and roll por meio século em 1966 com alguns transistores simples. O som do Fuzz Face era pesado e agudo, e seu som influenciou inúmeros músicos famosos.">
            </Algorithm>

            <Algorithm Name="Sora Fuzz" ID="50331686" Index="16" description="Com a sonoridade do Sola Sound® Tone Bender*, fãs dos tons agressivos de fuzz podem ficar totalmente satisfeitos. O circuito do Tone Bender se tornou extremamente popular e, nos anos seguintes, seu design evoluiu rapidamente, criando uma história emaranhada e sinuosa que se entrelaça com algumas das músicas mais formativas feitas no Reino Unido em meados dos anos 1960 ao início dos anos 70.">
            </Algorithm>

            <Algorithm Name="Plustortion" ID="50331689" Index="17" description="Esta pequena caixa amarela produziu muitos sons excelentes em inúmeros álbuns de estúdio clássicos. Sim, estamos falando do lendário MXR® M104 Distortion +* e deste Plustortion baseado em M104. O Plustortion recriou a distorção de clipping suave alimentada por germânio, como o que Randy Rhoads e outros roqueiros fazem!">
            </Algorithm>

            <Algorithm Name="SM Dist" ID="50331690" Index="18" description="Baseado em um pedal de distorção laranja clássico de três botões. Pode ser usado para obter facilmente as características de timbre dos anos 70 e 80.">
            </Algorithm>

            <Algorithm Name="Darktale" ID="50331691" Index="19" description="Baseado no ProCo™ The Rat* (versão inicial do amplificador operacional LM308). O Rat* ganhou vida graças à sua ampla gama de botões de filtro, encabeçada com som brilhante e compacta, extremidade completa e forte plasticidade, tornando-o o favorito de muitos músicos.">
            </Algorithm>

            <Algorithm Name="Chief" ID="50331693" Index="20" description="O Marshall® Guv&apos;nor* foi lançado em 1988 e ficou em produção durante 4 anos. Este efeito overdrive/distorção Made in England replica o som clássico do amplificador valvulado Marshall® em uma caixa compacta e de estado sólido, apresentando um ganho sustentável com um toque de compressão.">
            </Algorithm>

            <Algorithm Name="Master Dist" ID="50331694" Index="21" description="O Marshall Shredmaster Distortion oferece uma distorção de derreter o rosto e aquele timbre que você só consegue com um Marshall. O pedal oferece botões de agudos, graves além de controles de ajuste para oferecer uma performance inacreditável.">
            </Algorithm>

            <Algorithm Name="La Charger" ID="50331696" Index="22" description="Baseado no MI Audio® Crunch Box®*. Potente na distorção sensível e requintada, ele satisfaz toda a paixão do Riff e Solo. A resposta de cada banda de frequência é equilibrada. O feedback dinâmico é fiel à ponta do dedo e o ruído pode ser bem controlado mesmo em alto ganho.">
            </Algorithm>

            <Algorithm Name="Flex OD" ID="50331711" Index="23" description="Uma distorção simples, eficaz para baixos mas que também pode ser usado em guitarras.">
            </Algorithm>

            <Algorithm Name="Bass OD" ID="50331712" Index="24" description="Projetado especialmente para baixos. Ele combina o som com um efeito de overdrive exclusivo para criar um efeito de distorção muito bom, ao mesmo tempo em que garante o tom dinâmico de graves original. Também pode ser usado como um bom reforço.">
            </Algorithm>

            <Algorithm Name="Black Bass" ID="50331716" Index="25" description="Baseado no Darkglass® Microtubes B7K*. Pega o poderoso circuito de saturação dinâmico e adiciona um equalizador de quatro bandas junto de um driver de linha balanceado para uma versatilidade ainda maior. Projetado para uso em estúdio e ao vivo, ele levará seu som direto a um nível totalmente novo.">
            </Algorithm>

            <Algorithm Name="Micro Boost" ID="20" Index="26" description="Baseado no MXR® M133 Micro Amp. Fornecendo até 20dB de ganho, o Micro Boost eleva o som do seu amplificador sem alterar seu caráter tonal.">
            </Algorithm>

            <Algorithm Name="AC Boost" ID="10" Index="27" description="Baseado no Xotic® AC Booster*. É um pedal drive/boost com um som suave e bonito, perfeito para dar um toque extra ao seu amplificador valvulado.">
            </Algorithm>

            <Algorithm Name="B-Boost" ID="11" Index="28" description="Qualquer guitarrista pode se beneficiar do overdrive Xotic® BB Preamp*. O pedal funciona igualmente bem para obter tons overdrive espessos e cremosos com ótima sustentação, assim como para empurrar o front end limpo de um amplificador já acionado com até 30dB de aumento.">
            </Algorithm>

            <Algorithm Name="P-Boost" ID="12" Index="29" description="Baseado no Xotic® RC Booster*. Fornece um aumento supertransparente de até 20dB sem alterar seu timbre cuidadosamente elaborado. E oferece um canal de ganho adicional para ainda mais volume. Aproveite a faixa de +/-15dB nos controles de equalização de agudos e graves e imbua o som da sua guitarra com uma complexidade harmônica inacreditável. Os controles de equalização também compensam o estrondo extra de graves que o aumento de volume pode causar e são ótimos para combinar a resposta de várias guitarras.">
            </Algorithm>

            <Algorithm Name="14 Boost" ID="14" Index="30" description="Baseado no Fortin®Grind*. Fornece até +20dB de aumento que vai apertar e adicionar agressividade a qualquer amplificador valvulado ou de estado sólido. O surpreendente baixo nível de ruído e o alto Z de entrada do GRIND permitem que cada nuance do caráter do instrumento seja transmitida de forma inalterada.">
            </Algorithm>

            <Algorithm Name="FAT BB" ID="25" Index="31" description="Um amplificador e pré-amplificador limpo com um filtro de corte de graves comutável e controles separados dos graves e agudos.">
            </Algorithm>

            <Algorithm Name="Boost" ID="26" Index="32" description="Baseado no Xotic® EP Booster*. Fornece +20dB de elevação de estimulação pura, frequência baixa forte, frequência alta brilhante, tornando o som claro mais agradável.">
            </Algorithm>

            <Algorithm Name="Empire OD" ID="50331728" Index="33" description="Efeito baseado no Prince of Tone* do Analog.Man™. Possuí seleção de vários modos além de grande faixa no ajuste de tom para se adequar a diferentes cenas.">
            </Algorithm>

            <Algorithm Name="Revolt" ID="50331698" Index="34" description="Baseado no pedal Suhr® Riot Distortion™*. Com grande alcance ajustável e fácil de usar, ele conta com três botões e um seletor de tom. Muito adequado para uma variedade de cenas de reprodução.">
            </Algorithm>

            <Algorithm Name="Flagman Dist" ID="50331730" Index="35" description="Modelo baseado em uma famosa caixa de sujeira, recriando a reprodução perfeita do timbre moderno de alto ganho britânico, com afinação rica e operação intuitiva para dar o impulso perfeito à sua música.">
            </Algorithm>

            <Algorithm Name="Bass Hammer" ID="50331729" Index="36" description="Baseado no Aguilar® Tone Hammer* Front. Conta com diversas maneiras de timbrar e personalizar seu som.">
            </Algorithm>
        </Catalog>


        <Catalog Name = "AMP">
            <Algorithm Name="Tweedy" ID="117440513" Index="0" description="Baseado no Fender® Tweed Deluxe*. Este amplificador com uma faixa dinâmica de clean a wild overdrive e de country rock a distorção entre muito mais. Não é à toa que o Fender® Tweed Deluxe* têm sido um totem em todos os estilos por mais de 60 anos.">
            </Algorithm>

            <Algorithm Name="Bellman 59N" ID="117440515" Index="1" description="Baseado no Fender® &apos;59 Bassman®*. O alto-falante mais dramático da história do Rock &apos;n&apos; Roll, originalmente projetado para baixo, tornou-se o alto-falante de guitarra mais clássico. Tão claro quanto a água, o tubo de vácuo torna o som mais bonito, fazendo com que os fabricantes de instrumentos musicais fiquem ansiosos para imitar o produto.">
            </Algorithm>

            <Algorithm Name="Dark Twin" ID="117440516" Index="2" description="Baseado no Fender® &apos;65 Twin Reverb®*. Com uma Stratocaster*, o som clássico pode ser facilmente restaurado tanto no country jazz quanto no rock.">
            </Algorithm>

            <Algorithm Name="Dark DLX" ID="117440517" Index="3" description="Grandes tons limpos são possíveis, mas a versátil &quot;distorção doce&quot; é o que muitos guitarristas apreciam e amam com o Deluxe. Portanto, esse é o amplificador número 1 para muitos músicos de blues, bem como para superguitarristas modernos. O reverb de mola típico da Fender e um efeito de vibrato de tubo permitem ainda mais variantes de som &quot;vintage&quot;.">
            </Algorithm>

            <Algorithm Name="Dark Vibra" ID="117440521" Index="4" description="O Vibroverb original (circuito 6G16) foi introduzido em fevereiro de 1963. A linha de alto-falantes e o transformador de saída foram baseados no amplificador Fender Super da época e o circuito baseado no Fender Vibrolux da época. O amplificador de 40 watts ostentava dois canais (NORMAL e BRIGHT). Ambos os canais tinham controles de VOLUME, TREBLE e BASS; o REVERB de controle único afetava apenas o canal BRIGHT.">
            </Algorithm>

            <Algorithm Name="Silver Twin" ID="117440525" Index="5" description="Os amplificadores Fender® Silverface Twin Reverb* foram construídos entre 1967 e 1981. Eles fazem o som da história.">
            </Algorithm>

            <Algorithm Name="SUPDual CL" ID="117440527" Index="6" description="Baseado no Supro®Dual-Tone 1624T* (CH1, tom limpo). Em meados dos anos 60, os amplificadores vintage 1624T foram procurados por décadas porque o botão de volume do Dual-Tone é girado além do meio-dia, um tom limpo e comprimido evolui para um grind imediatamente reconhecível que permanece articulado e audível mesmo quando ligado no máximo.">
            </Algorithm>

            <Algorithm Name="Foxy 15TB" ID="117440528" Index="7" description="Baseado no amplificador de baixo vintage VOX®* AC-100*. Em 1963, os Beatles precisavam urgentemente de um alto-falante de baixo com um volume maior do que o dos gritos loucos do clube, e o AC-100* surgiu. Com 100W de potência e 4x12&quot;, ele se tornou com sucesso a voz de baixo mais representativa da década de 1960.">
            </Algorithm>

            <Algorithm Name="Foxy 30N" ID="117440529" Index="8" description="Baseado no VOX® AC30HW* (canal normal). O som claro simbólico e o overdrive quente e agudo, desde o dia de seu nascimento, tornaram-se os alto-falantes favoritos dos Shadows, The Beatles, Rolling Stones e outros grupos. A banda britânica liderou a &quot;Invasão Britânica&quot; e tornou o alto-falante VOX® um nome familiar como um ícone do rock britânico. São os preferidos até mesmo no hard rock e no rock britânico como por exemplo Radiohead, Suede, Oasis entre outros supergrupos.">
            </Algorithm>

            <Algorithm Name="J-120 CL" ID="117440532" Index="9" description="Baseado no lendário combo de estado sólido &quot;Jazz Chorus&quot;. Quando foi lançado em 1975, era o primeiro alto-falante de instrumento musical equipado com efeito Chorus. Era famoso por seu som puro e efeito chorus estéreo.">
            </Algorithm>

            <Algorithm Name="Match CL" ID="117440533" Index="10" description="Baseado no combo Matchless™ Chieftain 212* (tom limpo). A filosofia da MATCHLESS® desde sua fundação em 1989 tem sido fazer o máximo possível de alto-falantes de alto nível e para todos os fins. A granulação nítida e o feedback dinâmico perfeito vão tornar sua execução fácil.">
            </Algorithm>

            <Algorithm Name="L-Star CL" ID="117440537" Index="11" description="Baseado no Mesa/Boogie® Lone Star™*(CH1). Este pré-amplificador tem um poder expressivo extraordinário com timbre abrangente e uma operação intuitiva que são indicativos das capacidades técnicas muito superiores do Mesa/Boogie®. Uma experiência de timbre envolvente e animada. Ele tem um som de frequência média mais comprimido, equilibrado e suave, e sua alta frequência como um sino lindo.">
            </Algorithm>

            <Algorithm Name="BogSV CL" ID="117440538" Index="12" description="Baseado no Bogner® Shiva* (versão de 20º aniversário, Ch1). Circuito otimizado e moderno, com som de canal duplo. Possuí excelente design de circuito e faz com que tenha uma alta frequência transparente e a baixa frequência flexível, som cristalino, higain britânico compacto e lindo.">
            </Algorithm>

            <Algorithm Name="Z38 CL" ID="117440539" Index="13" description="Baseado no combo Dr. Z® Maz 38 Sr.* (som limpo). Com seu som variado, ampla resposta de frequência e alcance dinâmico, não é apenas uma excelente plataforma única, mas pode atender às suas necessidades, seja você um fã britânico ou americano.">
            </Algorithm>

            <Algorithm Name="Knights CL" ID="117440543" Index="14" description="Baseado no Grindrod® Pendragon PG20C* (canal normal, bright off). Se você é um grande fã do som/overdrive britânico, este é um som que você não pode perder. Ele pode trazer o estilo britânico puro, som cheio de poder penetrante.">
            </Algorithm>

            <Algorithm Name="Bad-KT CL" ID="117440546" Index="15" description="Baseado no Bad Cat® Hot Cat 30* (canal limpo). Como o primeiro uso mundial de alto-falantes de guitarra com design de circuito Classe A, a qualidade do som foi bastante melhorada. Ele combina estilos britânico e americano, com harmônicos ricos e headroom suficiente.">
            </Algorithm>

            <Algorithm Name="Solo100 CL" ID="117440547" Index="16" description="Baseado em Soldano® SLO100* (canal limpo). Também do Brown Sound de Eddie Van Halen, o álbum clássico de Steve Vai, “Passion &amp; Warfare”, foi gravado em SLO100*.">
            </Algorithm>

            <Algorithm Name="Bellman 59B" ID="117440548" Index="17" description="Baseado no Fender® &apos;59 Bassman®*.">
            </Algorithm>

            <Algorithm Name="Foxy 30TB" ID="117440551" Index="18" description="Baseado no VOX® AC30HW* (canal normal).">
            </Algorithm>

            <Algorithm Name="SUPDual OD" ID="117440552" Index="19" description="Baseado no Supro®Dual-Tone 1624T* (CH1+2, tom sujo). Em meados dos anos 60, os amplificadores vintage 1624T foram procurados por décadas porque o botão de volume do Dual-Tone é girado além do meio-dia, um tom limpo, gordo e comprimido evolui para um grind imediatamente reconhecível que permanece articulado e audível mesmo quando ligado no máximo.">
            </Algorithm>

            <Algorithm Name="UK 45" ID="117440554" Index="20" description="Baseado no Marshall® JTM45* (canal normal). Em 1962, a Marshall® introduziu os primeiros alto-falantes de guitarra projetados especificamente para música rock, e seu som poderoso estabeleceu a base para a música rock. Então, de seu material de painel plexiglass, surgiu como o nome específico de som mais clássico dos anos 1960--- Plexi.">
            </Algorithm>

            <Algorithm Name="UK 45+" ID="117440555" Index="21" description="Baseado no Marshall® JTM45* (canal normal). Em 1962, a Marshall® introduziu os primeiros alto-falantes de guitarra projetados especificamente para música rock, e seu som poderoso estabeleceu a base para a música rock. Então, seu material de painel plexiglass como o nome específico de som mais clássico dos anos 1960--- Plexi.">
            </Algorithm>

            <Algorithm Name="UK 45JP" ID="117440556" Index="22" description="Baseado no Marshall® JTM45* (canal normal). Em 1962, a Marshall® introduziu os primeiros alto-falantes de guitarra projetados especificamente para música rock, e seu som poderoso estabeleceu a base para a música rock. Então, seu material de painel plexiglass como o nome específico de som mais clássico dos anos 1960--- Plexi.">
            </Algorithm>

            <Algorithm Name="UK 50" ID="117440557" Index="23" description="Baseado no Marshall® JMP50* (conexão &quot;Jump&quot;). Através do ajuste do tubo retificador do JTM45*, a potência foi melhorada. Em 1966, a Marshall lançou o JTM50*, e o som &quot;Plexi&quot; obtido utilizando o overdrive por mais pessoas. O timbre é mais cheio comparado ao JTM45*.">
            </Algorithm>

            <Algorithm Name="UK 50+" ID="117440558" Index="24" description="Baseado no Marshall® JMP50* (conexão &quot;Jump&quot;). Através do ajuste do tubo retificador do JTM45*, a potência foi melhorada. Em 1966, a  Marshall lançou o JTM50*, e o som &quot;Plexi&quot; obtido utilizando o overdrive por mais pessoas. O timbre é mais cheio comparado ao JTM45*.">
            </Algorithm>

            <Algorithm Name="UK 50JP" ID="117440559" Index="25" description="Baseado no Marshall® JMP50* (conexão &quot;Jump&quot;). Através do ajuste do tubo retificador do JTM45*, a potência foi melhorada. Em 1966, a Marshall lançou o JTM50*, e o som &quot;Plexi&quot; obtido utilizando o overdrive por mais pessoas. O timbre é mais cheio comparado ao JTM45*.">
            </Algorithm>

            <Algorithm Name="UK SLP" ID="117440560" Index="26" description="O 1959HWTM é uma linha que remonta à era celebrada de meados ao final dos anos 1960, o original nasceu quando Pete Townshend perguntou a Jim Marshall se ele poderia torná-lo mais alto. Esta reedição oferece aquele timbre clássico de Marshall com o mesmo overdrive e crunch, usando as partes e métodos autênticos para construir.">
            </Algorithm>

            <Algorithm Name="UK 800" ID="117440565" Index="27" description="Baseado no Marshall® JCM800*. Em 1981, o JCM800* rapidamente se tornou o som de rock e metal dos anos 80 com seu excelente som higain. Os fundadores o nomearam com base no número de sua própria placa de carro, herdando e continuando a lenda do Plexi*.">
            </Algorithm>

            <Algorithm Name="Mess2C+ 1" ID="117440569" Index="28" description="Baseado no Mesa/Boogie® Mark II C+™ (canal Lead) com 2 combinações diferentes de interruptores onboard. Na década de 1980, o Mark II C+ *estabeleceu a posição do estilo metal Mesa/Boogie®, e sua voz apareceu nos álbuns do Metallica e Dream Theater, e se tornou um clássico do American Higain.">
            </Algorithm>

            <Algorithm Name="Mess2C+ 2" ID="117440570" Index="29" description="Baseado no Mesa/Boogie® Mark II C+™ (canal Lead) com 2 combinações diferentes de interruptores onboard. Na década de 1980, o Mark II C+ *estabeleceu a posição do estilo metal Mesa/Boogie®, e sua voz apareceu nos álbuns do Metallica e Dream Theater, e se tornou um clássico do American Higain.">
            </Algorithm>

            <Algorithm Name="Mess 2C+ 3" ID="117440571" Index="30" description="Baseado no Mesa/Boogie® Mark II C+™ (canal Lead) com 2 combinações diferentes de interruptores onboard. Na década de 1980, o Mark II C+ *estabeleceu a posição do estilo metal Mesa/Boogie®, e sua voz apareceu nos álbuns do Metallica e Dream Theater, e se tornou um clássico do American Higain.">
            </Algorithm>

            <Algorithm Name="BogSV OD" ID="117440573" Index="31" description="Baseado no Bogner® Shiva* (versão do 20º aniversário, Cap. 2.)">
            </Algorithm>

            <Algorithm Name="Juice30 OD" ID="117440574" Index="32" description="O AD30 é um cabeçote de amplificador com som valvulado puro no circuito clássico Classe A (com 4 válvulas de amplificador El84), que garante sons harmoniosos com um espectro impressionante. O &quot;TC&quot; ou TwinChannel significa &quot;canal duplo&quot;, onde um canal de chumbo está disponível, garantindo sons ricos e sustentáveis ​​mesmo no volume mais baixo.">
            </Algorithm>

            <Algorithm Name="Flagman 1" ID="117440576" Index="33" description="Baseado no cabeçote de boutique estilo “Brown Eye” do Reino Unido (canal BE). Melhoria na base Marshall® Plexi*. Possui alta frequência suave, baixa frequência firme e função de ganho de alta frequência. Pode ser usado em muitos estilos musicais.">
            </Algorithm>

            <Algorithm Name="Flagman 2" ID="117440577" Index="34" description="Baseado no cabeçote de boutique estilo britânico “Brown Eye” (canal BE).">
            </Algorithm>

            <Algorithm Name="Bog BlueV" ID="117440579" Index="35" description="O canal azul Bogner® XTC é popular por seu som de rock and roll clássico altamente reconhecível. Sua voz alta e bonita de plexi tem realizações extraordinárias.">
            </Algorithm>

            <Algorithm Name="Bog BlueM" ID="117440580" Index="36" description="O canal azul Bogner® XTC é popular por seu som de rock and roll clássico altamente reconhecível. Sua voz alta e bonita de plexi tem realizações extraordinárias.">
            </Algorithm>

            <Algorithm Name="Solo100 OD" ID="117440583" Index="37" description="Baseado no Soldano® SLO100* (canal crunch).">
            </Algorithm>

            <Algorithm Name="Match OD" ID="117440584" Index="38" description="Baseado no combo Matchless™ Chieftain 212* (tom overdrive).">
            </Algorithm>

            <Algorithm Name="Z38 OD" ID="117440585" Index="39" description="Baseado no combo Dr. Z® Maz 38 Sr.* (som limpo).">
            </Algorithm>

            <Algorithm Name="L-Star OD" ID="117440586" Index="40" description="Baseado em Mesa/Boogie® Lone Star™(CH2).">
            </Algorithm>

            <Algorithm Name="Bad-KT OD" ID="117440587" Index="41" description="Baseado no Bad Cat® Hot Cat 30* (canal overdrive).">
            </Algorithm>

            <Algorithm Name="UK 900" ID="117440590" Index="42" description="O JCM900 é a evolução do JCM800® adicionando outro canal, duas opções de reverb e dois recursos de ganho. O Tube Set consiste em 3 válvulas de pré-amplificador 12AX7 e 4 válvulas de potência 6L6/5881.
Conhecido por seu timbre e capacidade de trabalho na estrada, o JCM900 tem muitos fãs devido ao seu conjunto de recursos e versatilidade.">
            </Algorithm>

            <Algorithm Name="Juice R100" ID="117440595" Index="43" description="Baseado no Orange® Rockerverb 100™* (canal sujo). Uma vez lançado, este amplificador se tornou um novo favorito dos músicos de rock. Seu som é único, e seu timbre pode ser controlado de um tom claro quente e doce a uma música pesada, o que trará surpresa aos músicos.">
            </Algorithm>

            <Algorithm Name="Mess4 LD" ID="117440597" Index="44" description="Baseado no Mesa/Boogie® Mark IV™ (canal Lead). Baseado na atualização clássica, ele herda a onipotência do Mesa/Boogie®, com harmônicos ricos e sustain do tom sem voz ao timbre agudo e escuro do morden higain.">
            </Algorithm>

            <Algorithm Name="Mess4 LD 2" ID="117440598" Index="45" description="Baseado em Mesa/Boogie® Mark IV™ (canal Lead 2).">
            </Algorithm>

            <Algorithm Name="Mess4 LD 3" ID="117440599" Index="46" description="Baseado em Mesa/Boogie® Mark IV™ (canal Lead 3).">
            </Algorithm>

            <Algorithm Name="Solo100 LD" ID="117440601" Index="47" description="Baseado no Soldano® SLO100* (canal overdrive). Também do Brown Sound de Eddie Van Hale, o álbum clássico de Steve Vai, “Passion &amp; Warfare”, foi gravado em SLO100*.">
            </Algorithm>

            <Algorithm Name="EV 51" ID="117440602" Index="48" description="Baseado no Peavey® 5150® (canal LEAD). O guitarrista Eddie Van Halen, que começou a trabalhar com o Peavey® na década de 1980, adorou o som e levou o título do álbum &quot;5150&quot; ao mundo com seu som metálico.">
            </Algorithm>

            <Algorithm Name="Flagman+ 1" ID="117440605" Index="49" description="Baseado no cabeçote de boutique estilo britânico “Brown Eye” (canal HBE).">
            </Algorithm>

            <Algorithm Name="Flagman+ 2" ID="117440606" Index="50" description="Baseado no cabeçote de boutique estilo britânico “Brown Eye” (canal HBE).">
            </Algorithm>

            <Algorithm Name="Eagle 120" ID="117440607" Index="51" description="O amplificador ENGL® Savage 120 incorpora o rico legado da ENGL de criar máquinas de metal para fornecer tons realmente punitivos, com dinâmica clara e tremenda variedade sonora.
Essa incrível flexibilidade tonal vem do layout de 4 canais do amplificador, com um canal Clean dedicado, dois canais Crunch separados e um canal Lead supersaturado, todos suportados por dois EQs discretos e uma ampla seleção de recursos adicionais.">
            </Algorithm>

            <Algorithm Name="Eagle 120+" ID="117440608" Index="52" description="O amplificador ENGL® Savage 120 incorpora o rico legado da ENGL de criar máquinas de metal para fornecer tons realmente punitivos, com dinâmica clara e tremenda variedade sonora.
Essa incrível flexibilidade tonal vem do layout de 4 canais do amplificador, com um canal Clean dedicado, dois canais Crunch separados e um canal Lead supersaturado, todos suportados por dois EQs discretos e uma ampla seleção de recursos adicionais.">
            </Algorithm>

            <Algorithm Name="Power LD" ID="117440611" Index="53" description="Baseado no ENGL® Powerball II E645/2* (CH4). Ele pode trazer frequências baixas extremamente compactas, muito ganho e resposta dinâmica precisa, o que é muito adequado para rock e metal modernos.">
            </Algorithm>

            <Algorithm Name="Dizz VH" ID="117440613" Index="54" description="Baseado no Diezel® VH4*. Nasceu na Alemanha na década de 1990, onde seu timbre e multifuncionalidade atraíram inúmeros mestres da guitarra. O exclusivo Modern Higain conquistou muitos músicos rapidamente.">
            </Algorithm>

            <Algorithm Name="Dizz VH S" ID="117440614" Index="55" description="Baseado no Diezel® VH4*. Nasceu na Alemanha na década de 1990, seu timbre e multifuncionalidade atraíram inúmeros mestres da guitarra. O exclusivo Modern Higain conquistou muitos músicos rapidamente.">
            </Algorithm>

            <Algorithm Name="Mess DualV" ID="117440616" Index="56" description="Baseado no Mesa/Boogie® Dual Rectifier®. A distorção da série Rectifier® é quente e muito ampla, fazendo dele mais espesso e sólido do que o Mark®.">
            </Algorithm>

            <Algorithm Name="Mess DualM" ID="117440617" Index="57" description="Baseado no Mesa/Boogie® Dual Rectifier®. A distorção da série Rectifier® é quente e muito ampla, fazendo dele mais espesso e sólido do que o Mark®.">
            </Algorithm>

            <Algorithm Name="Dizz VH+" ID="117440618" Index="58" description="Baseado no Diezel® VH4*. Nasceu na Alemanha na década de 1990, onde seu timbre e multifuncionalidade atraíram inúmeros mestres da guitarra. O exclusivo Modern Higain conquistou muitos músicos rapidamente.">
            </Algorithm>

            <Algorithm Name="Dizz VH+ S" ID="117440619" Index="59" description="Baseado no Diezel® VH4*. Nasceu na Alemanha na década de 1990, onde seu timbre e multifuncionalidade atraíram inúmeros mestres da guitarra. O exclusivo Modern Higain conquistou muitos músicos rapidamente.">
            </Algorithm>

            <Algorithm Name="Bog RedV" ID="117440621" Index="60" description="O canal vermelho Bogner® XTC é conhecido por sua distorção de alto ganho e pelo timbre principal.">
            </Algorithm>

            <Algorithm Name="Bog RedM" ID="117440622" Index="61" description="O canal vermelho Bogner® XTC é conhecido por sua distorção de alto ganho e pelo timbre principal.">
            </Algorithm>

            <Algorithm Name="Classic Bass" ID="117440627" Index="62" description="Baseado no amplificador de graves Ampeg® SVT*. Lançado em 1969, o Ampeg SVT sempre foi o alto-falante de graves mais popular, tem uma forte capacidade de moldar o som.">
            </Algorithm>

            <Algorithm Name="Foxy Bass" ID="117440629" Index="63" description="Baseado no amplificador de baixo vintage VOX®* AC-100*. Em 1963, os Beatles precisavam urgentemente de um alto-falante de baixo com um volume maior do que o dos gritos loucos do clube, e o AC-100* surgiu. Com 100 W de potência e 4x12 &quot;box, ele se tornou com sucesso a voz de baixo mais representativa da década de 1960.">
            </Algorithm>

            <Algorithm Name="Mess Bass" ID="117440631" Index="64" description="Baseado no amplificador Mesa/Boogie® Bass 400*. Você pode ouvir o som dos primeiros alto-falantes de baixo em muitos álbuns.">
            </Algorithm>

            <Algorithm Name="Knights CL+" ID="117440635" Index="65" description="Baseado no Grindrod® Pendragon PG20C* (canal normal, bright ativado). Se você é um grande fã do som/overdrive britânico, este é um som que você não pode perder. Ele pode trazer o estilo britânico puro, som cheio de poder penetrante.">
            </Algorithm>

            <Algorithm Name="Knights OD" ID="117440636" Index="66" description="Baseado no Grindrod® Pendragon PG20C* (canal normal, bright ativado). Se você é um grande fã do som/overdrive britânico, este é um som que você não pode perder. Ele pode trazer o estilo britânico puro, som cheio de poder penetrante.">
            </Algorithm>

            <Algorithm Name="Mini Bass" ID="134217845" Index="67" description="Baseado no amplificador de baixo Ampeg® B-15* &quot;Flip Top&quot;. O B-15* foi concebido pelo lendário Jess Oliver em 1958. Ele pode ser visto desde os primeiros clubes até os melhores estúdios do mundo. O B-15* pode ser considerado um produto de referência que é difícil de ser ignorado.">
            </Algorithm>

            <Algorithm Name="Bass Pre" ID="134217846" Index="68" description="Baseado no pré-amplificador Alembic™ F-2B*. Na década de 1960, inspirado no alto-falante Fender®, o circuito foi transformado de forma completa, o que trouxe o modo de ajuste extremamente avançado da época, que era adorado por muitos músicos, deixando assim uma forte marca na história do rock.">
            </Algorithm>

            <Algorithm Name="AC Pre" ID="134217850" Index="69" description="Baseado no pré-amplificador acústico AER® Colourizer 2*. Originário da Alemanha, é um pré-amplificador projetado para reforço de som de violão acústico. Ele trará dinâmicas e sobretons mais ricos para seu violão acústico, tornando o som mais tridimensional e vívido.">
            </Algorithm>

            <Algorithm Name="AC Pre 2" ID="134217851" Index="70" description="Baseado no pré-amplificador acústico AER® Colourizer 2*. Originário da Alemanha, é um pré-amplificador projetado para reforço de som de violão acústico. Ele trará dinâmicas e sobretons mais ricos para seu violão acústico, tornando o som mais tridimensional e vívido.">
            </Algorithm>
        </Catalog>


        <Catalog Name = "NR">
            <Algorithm Name="Gate 1" ID="27" Index="0" description="Baseado no famoso pedal noise gate ISP®Decimator™*. O Decimator apresenta melhorias no rastreamento do expansor com seu novo Linearized Time Vector Processing™. Esta nova melhoria fornece uma resposta de tempo de liberação mais linear e constante para a curva de liberação exponencial do expansor descendente.">
            </Algorithm>

            <Algorithm Name="Gate 2" ID="29" Index="1" description="Noise gate flexível com controle de ataque e liberação.">
            </Algorithm>

            <Algorithm Name="Auto Swell" ID="67108909" Index="2" description="Este é um efeito de auto swell com dois parâmetros que são fáceis de entender e usar. Ele pode fazer a guitarra soar como um violino.">
            </Algorithm>
        </Catalog>


        <Catalog Name = "CAB">
            <Algorithm Name="SUP ZEP 1X6" ID="167772160" Index="0" description="Gabinete Supro®* 1x6&quot; com alto-falante oval">
            </Algorithm>

            <Algorithm Name="TWD CP 1X8" ID="167772161" Index="1" description="Gabinete Vintage Fender® Champ* 1x8&quot;">
            </Algorithm>

            <Algorithm Name="TWD PRC 1X10" ID="167772162" Index="2" description="Gabinete Vintage Fender® Princeton* 1x10&quot;">
            </Algorithm>

            <Algorithm Name="DARK LUX 1X12" ID="167772163" Index="3" description="Gabinete Vintage Fender® Deluxe* 1x12&quot;">
            </Algorithm>

            <Algorithm Name="DARK VIT 1X12" ID="167772164" Index="4" description="Gabinete Vintage Fender® Vibrolux* 1x12&quot;">
            </Algorithm>

            <Algorithm Name="ROUT 1X12" ID="167772165" Index="5" description="Gabinete Carr® Rambler* 1x12&quot;">
            </Algorithm>

            <Algorithm Name="BogSV 1X12" ID="167772166" Index="6" description="Gabinete Bogner® Shiva* 1x12&quot;">
            </Algorithm>

            <Algorithm Name="Bad-KT 1X12" ID="167772167" Index="7" description="Gabinete Black Cat® Hot Cat* 1x12&quot;">
            </Algorithm>

            <Algorithm Name="FOXY 1X12" ID="167772168" Index="8" description="Gabinete Vintage VOX® AC15* 1x12&quot;">
            </Algorithm>

            <Algorithm Name="D STAR 1X12" ID="167772169" Index="9" description="Gabinete Mesa/Boogie® Lonestar* 1x12&quot;">
            </Algorithm>

            <Algorithm Name="Match 2X12" ID="167772176" Index="10" description="Gabinete Matchless® Chieftain* 2x12&quot;">
            </Algorithm>

            <Algorithm Name="TOM OPEN 1X12" ID="167772170" Index="11" description="Gabinete Swart® Atomic Space* 1x12&quot;">
            </Algorithm>

            <Algorithm Name="TWD LUX 1X12" ID="167772171" Index="12" description="Gabinete Fender® Tweed Deluxe* 1x12&quot;">
            </Algorithm>

            <Algorithm Name="US STO 1X12" ID="167772172" Index="13" description="Gabinete Mesa/Boogie®* 1x12&quot; &apos;80s">
            </Algorithm>

            <Algorithm Name="ACE 1X12" ID="167772173" Index="14" description="Gabinete Morgan® AC-20 Deluxe* 1x12&quot;">
            </Algorithm>

            <Algorithm Name="UK G12 1X12" ID="167772174" Index="15" description="Gabinete Marshall®* 1x12&quot;">
            </Algorithm>

            <Algorithm Name="FOXY 2X12" ID="167772175" Index="16" description="Gabinete Vintage VOX® AC30* 2x12&quot;">
            </Algorithm>

            <Algorithm Name="J-120 2X12" ID="167772177" Index="17" description="Gabinete lendário &quot;Jazz Chorus&quot; 2x12&quot;">
            </Algorithm>

            <Algorithm Name="Dark Twin 2X12" ID="167772178" Index="18" description="Gabinete Vintage Fender® &apos;65 Twin Reverb* 2x12&quot;">
            </Algorithm>

            <Algorithm Name="US GRN 2X12" ID="167772179" Index="19" description="Gabinete Marshall® 2550* 2x12&quot;">
            </Algorithm>

            <Algorithm Name="TWD SUP 2X10" ID="167772180" Index="20" description="Um gabinete Fender® Tweed* 2x10&quot; personalizado">
            </Algorithm>

            <Algorithm Name="BOUTI 2X12" ID="167772181" Index="21" description="Gabinete exclusivo personalizado de 2x12&quot;">
            </Algorithm>

            <Algorithm Name="Bellman 212" ID="167772182" Index="22" description="Gabinete Vintage Fender® &quot;Piggyback&quot; Bassman®* 2x12&quot;">
            </Algorithm>

            <Algorithm Name="SUP 2X12" ID="167772183" Index="23" description="Gabinete Supro® 1624T* 2x12&quot;">
            </Algorithm>

            <Algorithm Name="MATT TWD 2X12" ID="167772184" Index="24" description="Gabinete Matchless®* 2x12&quot;">
            </Algorithm>

            <Algorithm Name="SUP STAR 2X12" ID="167772185" Index="25" description="Gabinete Mesa/Boogie® Lonestar* 2x12&quot;">
            </Algorithm>

            <Algorithm Name="FREEMAN 2X12" ID="167772186" Index="26" description="Gabinete Fryette® Deliverance* 2x12&quot;">
            </Algorithm>

            <Algorithm Name="Dark CS 2X12" ID="167772187" Index="27" description="Gabinete Fender®* 2x12&quot; modificado e personalizado">
            </Algorithm>

            <Algorithm Name="DB ROCK 2X12" ID="167772188" Index="28" description="Gabinete Two-Rock®* 2x12&quot;">
            </Algorithm>

            <Algorithm Name="BLUE SK 2X12" ID="167772189" Index="29" description="Gabinete personalizado de 2x12&quot; com alto-falantes Celestion® Alnico Blue*">
            </Algorithm>

            <Algorithm Name="Bellman 410" ID="167772190" Index="30" description="Gabinete Fender® &apos;59 Bassman®* 4x10&quot;">
            </Algorithm>

            <Algorithm Name="UK LD 4X12" ID="167772191" Index="31" description="Gabinete Marshall® 1960AV* 4x12&quot;">
            </Algorithm>

            <Algorithm Name="UK TD 2X12" ID="167772192" Index="32" description="Gabinete Marshall® &apos;68 Basketweave* 4x12&quot;">
            </Algorithm>

            <Algorithm Name="UK MD 4X12" ID="167772193" Index="33" description="Gabinete Marshall®* 4x12&quot; modificado e personalizado">
            </Algorithm>

            <Algorithm Name="UK GRN 4X12" ID="167772194" Index="34" description="Gabinete Marshall® Vintage 4x12&quot; com alto-falantes Celestion® Greenback®*">
            </Algorithm>

            <Algorithm Name="EV 4X12" ID="167772195" Index="35" description="Gabinete Peavey® 6505* 4x12&quot;">
            </Algorithm>

            <Algorithm Name="Mess 4X12" ID="167772196" Index="36" description="Gabinete Mesa/Boogie® Rectifier®* 4x12&quot;">
            </Algorithm>

            <Algorithm Name="Bog 4X12" ID="167772197" Index="37" description="Gabinete Bogner®* 4x12&quot;">
            </Algorithm>

            <Algorithm Name="Eagle 4X12" ID="167772198" Index="38" description="Gabinete ENGL®* 4x12&quot;">
            </Algorithm>

            <Algorithm Name="Uban 4X12" ID="167772199" Index="39" description="Gabinete Bogner® Uberkab* 4x12&quot;">
            </Algorithm>

            <Algorithm Name="SOLO 4X12" ID="167772200" Index="40" description="Gabinete Soldano®* 4x12&quot;">
            </Algorithm>

            <Algorithm Name="Juice 4X12" ID="167772201" Index="41" description="Gabinete Orange® PPC412* 4x12&quot;">
            </Algorithm>

            <Algorithm Name="H-WAY 4X12" ID="167772202" Index="42" description="Gabinete Vintage Hiwatt® SE4123* 4x12&quot;">
            </Algorithm>

            <Algorithm Name="UK DARK 4X12" ID="167772203" Index="43" description="Gabinete Marshall®* 1968 4x12&quot;">
            </Algorithm>

            <Algorithm Name="WAY 4X12" ID="167772204" Index="44" description="Gabinete Vintage WEM®* 4x12&quot;">
            </Algorithm>

            <Algorithm Name="DUMB 4X12" ID="167772205" Index="45" description="Gabinete Dumble®* 4x12&quot;">
            </Algorithm>

            <Algorithm Name="DIZZ 4X12" ID="167772206" Index="46" description="Gabinete Diezel®* 4x12&quot;">
            </Algorithm>

            <Algorithm Name="TRP 4X12" ID="167772207" Index="47" description="Gabinete Hughes &amp; Kettner® Triamp* ​​4x12&quot;">
            </Algorithm>

            <Algorithm Name="UK 75 4X12" ID="167772208" Index="48" description="Gabinete Marshall®* 4x12&quot; com alto-falantes Celestion® G12T-75*">
            </Algorithm>

            <Algorithm Name="KING 4X12" ID="167772209" Index="49" description="Gabinete Mesa/Boogie® Road King®* 4x12&quot;">
            </Algorithm>

            <Algorithm Name="ADM 1X15" ID="167772210" Index="50" description="Gabinete de baixo David Eden®* 1x15&quot;">
            </Algorithm>

            <Algorithm Name="WORKMAN 1X15" ID="167772211" Index="51" description="Gabinete de baixo SWR®* 1x15&quot;">
            </Algorithm>

            <Algorithm Name="F-TOP 1X15" ID="167772212" Index="52" description="Gabinete de baixo Ampeg® PF-115HE* 1x15&quot;">
            </Algorithm>

            <Algorithm Name="US BASS 2X10" ID="167772213" Index="53" description="Gabinete de baixo Mesa/Boogie®* 2x10&quot;">
            </Algorithm>

            <Algorithm Name="MATT 2X10" ID="167772214" Index="54" description="Gabinete baixo Mark Bass®* 2x10&quot;">
            </Algorithm>

            <Algorithm Name="ADM 4X10" ID="167772215" Index="55" description="Gabinete de baixo David Eden®* 4x10&quot;">
            </Algorithm>

            <Algorithm Name="AMPG 4X10" ID="167772216" Index="56" description="Gabinete de baixo Ampeg® SVT-410HE* 4x10&quot;">
            </Algorithm>

            <Algorithm Name="WORKMAN 4X10" ID="167772217" Index="57" description="Gabinete de baixo SWR® Workingman&apos;s* 4x10&quot;">
            </Algorithm>

            <Algorithm Name="HACK 4X12" ID="167772218" Index="58" description="Gabinete de baixo Hartke®* 4x12&quot;">
            </Algorithm>

            <Algorithm Name="AMPG 8X10" ID="167772219" Index="59" description="Gabinete de baixo Ampeg SVT-810E* 8x10&quot;">
            </Algorithm>

            <Algorithm Name="AC" ID="167772220" Index="60" description="Simulação de guitarra Dreadnought 1">
            </Algorithm>

            <Algorithm Name="AC Dream" ID="167772221" Index="61" description="Simulação de guitarra Dreadnought 2">
            </Algorithm>

            <Algorithm Name="OM" ID="167772222" Index="62" description="Simula uma guitarra acústica tipo OM (Orchestra Model)">
            </Algorithm>

            <Algorithm Name="JUMBO" ID="167772223" Index="63" description="Simula uma violão acústico tipo Jumbo">
            </Algorithm>

            <Algorithm Name="Bird" ID="167772224" Index="64" description="Simula o icônico violão acústico &quot;H-Bird&quot;">
            </Algorithm>

            <Algorithm Name="GA" ID="167772225" Index="65" description="Simula uma guitarra acústica tipo GA (Grand Auditorium)">
            </Algorithm>

            <Algorithm Name="Classic AC" ID="167772226" Index="66" description="Simula uma violão clássico">
            </Algorithm>

            <Algorithm Name="Mandolin" ID="167772227" Index="67" description="Simula um mandolin (bandolim)">
            </Algorithm>

            <Algorithm Name="Fretless Bass" ID="167772228" Index="68" description="Simula um baixo acústico sem trastes">
            </Algorithm>

            <Algorithm Name="Double Bass" ID="167772229" Index="69" description="Simula um contrabaixo (double bass)">
            </Algorithm>

            <Algorithm Name="USER IR" ID="168820736" Index="70" description="USER IR">
            </Algorithm>

            <Algorithm Name="USER IR" ID="168820737" Index="71" description="USER IR">
            </Algorithm>

            <Algorithm Name="USER IR" ID="168820738" Index="72" description="USER IR">
            </Algorithm>

            <Algorithm Name="USER IR" ID="168820739" Index="73" description="USER IR">
            </Algorithm>

            <Algorithm Name="USER IR" ID="168820740" Index="74" description="USER IR">
            </Algorithm>

            <Algorithm Name="USER IR" ID="168820741" Index="75" description="USER IR">
            </Algorithm>

            <Algorithm Name="USER IR" ID="168820742" Index="76" description="USER IR">
            </Algorithm>

            <Algorithm Name="USER IR" ID="168820743" Index="77" description="USER IR">
            </Algorithm>

            <Algorithm Name="USER IR" ID="168820744" Index="78" description="USER IR">
            </Algorithm>

            <Algorithm Name="USER IR" ID="168820745" Index="79" description="USER IR">
            </Algorithm>

            <Algorithm Name="USER IR" ID="168820746" Index="80" description="USER IR">
            </Algorithm>

            <Algorithm Name="USER IR" ID="168820747" Index="81" description="USER IR">
            </Algorithm>

            <Algorithm Name="USER IR" ID="168820748" Index="82" description="USER IR">
            </Algorithm>

            <Algorithm Name="USER IR" ID="168820749" Index="83" description="USER IR">
            </Algorithm>

            <Algorithm Name="USER IR" ID="168820750" Index="84" description="USER IR">
            </Algorithm>

            <Algorithm Name="USER IR" ID="168820751" Index="85" description="USER IR">
            </Algorithm>

            <Algorithm Name="USER IR" ID="168820752" Index="86" description="USER IR">
            </Algorithm>

            <Algorithm Name="USER IR" ID="168820753" Index="87" description="USER IR">
            </Algorithm>

            <Algorithm Name="USER IR" ID="168820754" Index="88" description="USER IR">
            </Algorithm>

            <Algorithm Name="USER IR" ID="168820755" Index="89" description="USER IR">
            </Algorithm>
        </Catalog>


        <Catalog Name = "EQ">
            <Algorithm Name="EQ 1" ID="16777269" Index="0" description="Equalizador projetado para guitarras">
            </Algorithm>

            <Algorithm Name="EQ 3" ID="16777270" Index="1" description="Equalizador projetado para guitarras">
            </Algorithm>

            <Algorithm Name="EQ 2" ID="16777274" Index="2" description="Equalizador projetado para baixos">
            </Algorithm>

            <Algorithm Name="EQ 6" ID="16777273" Index="3" description="Equalizador projetado para baixos">
            </Algorithm>

            <Algorithm Name="Hyper EQ" ID="16777283" Index="4" description="EQ gráfico de 10 bandas adequado para qualquer instrumento">
            </Algorithm>

            <Algorithm Name="5-Band EQ" ID="16777276" Index="5" description="Baseado no módulo EQ de 5 bandas em amplificadores Mesa/Boogie®*">
            </Algorithm>
        </Catalog>


        <Catalog Name = "MOD">
            <Algorithm Name="G-Chorus" ID="67108865" Index="0" description="Baseado no Chorus Huge Ensemble. Nascido no final dos anos 1970 (modo chorus), produzindo um timbre de chorus analógico vintage, rico e brilhante. Som de chorus analógico quente, rico e onírico.">
            </Algorithm>

            <Algorithm Name="C-Chorus" ID="67108866" Index="1" description="Baseado em um lendário pedal de chorus estéreo roxo de 4 botões, proporcionando um timbre de chorus rico e detalhado que expande as dimensões sonoras.">
            </Algorithm>

            <Algorithm Name="Jet" ID="67108881" Index="2" description="Efeito flanger clássico, produzindo um timbre rico e natural.">
            </Algorithm>

            <Algorithm Name="B-Jet" ID="67108882" Index="3" description="Efeito de flanger clássico ajustado para baixos.">
            </Algorithm>

            <Algorithm Name="N-Jet" ID="67108883" Index="4" description="Flanger com feedback negativo, produzindo um som estilo &quot;subaquático&quot;.">
            </Algorithm>

            <Algorithm Name="V-Roto" ID="67108885" Index="5" description="Baseado em um pedal de vibrato azul baseado em BBD, produzindo som de vibrato analógico natural.">
            </Algorithm>

            <Algorithm Name="G-Roto" ID="67108886" Index="6" description="Baseado em um lendário pedal de chorus de conjunto enorme, nascido no final dos anos 1970 (modo vibrato), produzindo um tom de vibrato analógico vintage rico e brilhante.">
            </Algorithm>

            <Algorithm Name="O-Phase" ID="67108889" Index="7" description="Baseado no MXR® M101 Phase 90*. Você já ouviu o som da guitarra em "Eruption" de Eddie Van Halen? Esse timbre distorcido com uma sensação de rotação é realizado pelo Phase 90.">
            </Algorithm>

            <Algorithm Name="G-Phase" ID="67108890" Index="8" description="Baseado em um pedal Phaser verde baseado em BBD, produzindo som de fase analógico natural.">
            </Algorithm>

            <Algorithm Name="S-Phase" ID="67108891" Index="9" description="O Electro Harmonix Small Stone foi um dos primeiros phasers disponíveis nos anos 70 e pode ser ouvido em inúmeras gravações. Como os concorrentes da época, ele vem com um controle (taxa, velocidade do efeito) e a intensidade pode ser modificada com um interruptor - o som é perfeito para a maioria das aplicações.">
            </Algorithm>

            <Algorithm Name="Sine Trem" ID="67108902" Index="10" description="Formas de ONDA DE TREMOLO SENOIDAL e faixa tonal super ampla.">
            </Algorithm>

            <Algorithm Name="Triangle Trem" ID="67108903" Index="11" description="Formas de ONDA DE TREMOLO TRIANGULAR e faixa tonal super ampla.">
            </Algorithm>

            <Algorithm Name="Bias Trem" ID="67108904" Index="12" description="Formas de ONDA DE TREMOLO DE POLARIZAÇÃO e faixa tonal super ampla.">
            </Algorithm>

            <Algorithm Name="Detune" ID="16777257" Index="13" description="Um efeito de desafinação que combina um sinal ligeiramente deslocado com o sinal original para criar um tom semelhante a um coro.">
            </Algorithm>

            <Algorithm Name="Bit Smash" ID="16777262" Index="14" description="Fornece efeito de redução de bitcrushing/sample com estilo musical.">
            </Algorithm>

            <Algorithm Name="B-Chorus" ID="67108872" Index="15" description="Baseado na famosa unidade de chorus de conjunto afinada para baixistas.">
            </Algorithm>

            <Algorithm Name="M-Chorus" ID="67108879" Index="16" description="Um pedal de chorus multidimensional que produz um som rico e envolvente, ideal para tocar com sistemas de som estéreo.">
            </Algorithm>

            <Algorithm Name="Trem Jet" ID="67108884" Index="17" description="Combina flanger e tremolo juntos em um só efeito.">
            </Algorithm>

            <Algorithm Name="Vibrato" ID="67108887" Index="18" description="Um efeito de vibrato clássico com ampla faixa ajustável.">
            </Algorithm>

            <Algorithm Name="Pan Phase" ID="67108894" Index="19" description="Um phaser especial e sutil que combina variações de tremolo/pan.">
            </Algorithm>

            <Algorithm Name="M-Vibe" ID="67108895" Index="20" description="Baseado no Voodoo Lab® Micro Vibe*. Ele tem o mesmo design do Uni-Vibe* original de 1968. Jimi Hendrix e Stevie Ray Vaughan usaram extensivamente esses efeitos em seus álbuns. O efeito Vibe trará mudanças leves e regulares de tom.">
            </Algorithm>

            <Algorithm Name="Vibe" ID="67108896" Index="21" description="O Shin-Ei Uni-Vibe é um efeito clássico de phase shifter (chorus) que ficou famoso por Jimi Hendrix, David Gilmour, Robin Trower e muitos outros. O rico efeito de "chorus" pelo qual é famoso se tornou um item básico no equipamento de um guitarrista de rock clássico. Embora a construção do Uni-Vibe seja copiada de perto por muitas empresas, muitos músicos confirmam que não há nada como a coisa real!">
            </Algorithm>

            <Algorithm Name="O-Trem" ID="67108897" Index="22" description="Baseado no Demeter® TRM-1 Tremulator*, oferecendo som clássico de opto tremolo. Em 1982, o pioneiro do rock Ry Cooder abordou James Demeter para perguntar se o som de tremolo dos alto-falantes Fender® twin series poderia ser transformado em um dispositivo de efeito de pedal, e assim nasceu esse efeito clássico.">
            </Algorithm>

            <Algorithm Name="Auto Swell" ID="67108909" Index="23" description="Este é um efeito de auto swell com dois parâmetros que são fáceis de entender e usar. Ele pode fazer a guitarra soar como um violino.">
            </Algorithm>

            <Algorithm Name="Hold" ID="67108911" Index="24" description="Efeito pode capturar o som por um curto período de tempo e depois fazê-lo tocar em loop. O parâmetro Activate (liga/desliga) pode ser atribuído tanto ao pedal de expressão como também no CTRL.">
            </Algorithm>

            <Algorithm Name="Freeze" ID="67108912" Index="25" description="Efeito que pode congelar o som no momento da ativação e mantê-lo tocando indefinitivamente. O parâmetro Activate (liga/desliga) pode ser atribuído tanto ao pedal de expressão como também no CTRL.">
            </Algorithm>

            <Algorithm Name="Vibrato T" ID="67108888" Index="11" description="Este é um efeito especial de vibrato com controle de profundidade dinâmico, que permite criar modulação de tom sensível ao toque. Use o Rate para controlar a velocidade da modulação e o Sens para ajustar a sensibilidade.
Você pode usar a função Tap Tempo para controlar a velocidade do efeito ligando o interruptor Sync. Quando o interruptor Sync estiver ligado, gire o botão Rate para definir um valor de divisão de toque adequado. O valor padrão é 1/4 (sem divisão).">
            </Algorithm>
        </Catalog>


        <Catalog Name = "DLY">
            <Algorithm Name="BBD Delay S" ID="184549405" Index="0" description="Este é um modelo de delay analógico estéreo que captura o som de uma máquina de delay analógico baseada em BBD, que é quente, suave e arredondado devido à limitação dos chips BBD.">
            </Algorithm>

            <Algorithm Name="Digital Delay S" ID="184549407" Index="1" description="Delay estéreo digital que se produz puro, limpo, claro e preciso.">
            </Algorithm>

            <Algorithm Name="Tape Delay S" ID="184549409" Index="2" description="Antigamente, produtores e engenheiros criavam efeitos de delay e eco usando máquinas de fita. Aquele tom de eco doce e espacial ainda é popular hoje em dia, especialmente entre músicos psicodélicos.">
            </Algorithm>

            <Algorithm Name="Ambience 1" ID="184549418" Index="3" description="Um delay multi-tap que proporciona amplitude sonora expandida.
1, 2 significam diferentes variações tonais.">
            </Algorithm>

            <Algorithm Name="Ambience 2" ID="184549422" Index="4" description="Um delay multi-tap que proporciona amplitude sonora expandida.
1, 2 significam diferentes variações tonais.">
            </Algorithm>

            <Algorithm Name="Pure" ID="184549376" Index="5" description="Delay puro e preciso.">
            </Algorithm>

            <Algorithm Name="Analog" ID="184549377" Index="6" description="Delay quente com toque analógico.">
            </Algorithm>

            <Algorithm Name="Tape" ID="184549378" Index="7" description="Simula o som de eco de uma fita de estado sólido.">
            </Algorithm>

            <Algorithm Name="Ping Pong" ID="184549380" Index="8" description="Delay de ping-pong. Produz um feedbadk estéreo oscilando entre canais esquerdo e direito.">
            </Algorithm>

            <Algorithm Name="Slapback" ID="184549381" Index="9" description="Simula o clássico efeito de eco slapback.">
            </Algorithm>

            <Algorithm Name="Sweep Echo" ID="184549382" Index="10" description="Delay com repetições moduladas de filtro de varredura.">
            </Algorithm>

            <Algorithm Name="Ring Echo" ID="184549385" Index="11" description="Efeito de delay com repetições moduladas em anel.">
            </Algorithm>

            <Algorithm Name="Tube" ID="184549387" Index="12" description="Simula o som de eco de fita acionada por válvula.">
            </Algorithm>

            <Algorithm Name="M-Echo" ID="184549388" Index="13" description="Delay multitap que simula uma enorme máquina de eco de fita de 4 cabeças.">
            </Algorithm>

            <Algorithm Name="Sweet Echo" ID="184549389" Index="14" description="Delay analógico que foi vendido de 1981 a 1984 e ainda é procurado graças ao seu som quente e natural. Produz um tempo de delay variando de 20 a 300 milissegundos.">
            </Algorithm>

            <Algorithm Name="999 Echo" ID="184549394" Index="15" description="Baseado no Maxon® AD900 Analog Delay*. 100% Analog Delay, com distorção dinâmica em repetições, timbre lindo, quente, orgânico e preciso.">
            </Algorithm>

            <Algorithm Name="Vintage Rack" ID="184549396" Index="16" description="Reproduz o som de uma máquina de delay vintage de montagem em rack dos anos 1980. Com feedback ligeiramente reduzido em termos de amostra.">
            </Algorithm>

            <Algorithm Name="Lofi Echo" ID="184549414" Index="17" description="Delay com repetições lo-fi.">
            </Algorithm>

            <Algorithm Name="Rev Echo" ID="184549416" Index="18" description="Delay especial com feedback reverso">
            </Algorithm>

            <Algorithm Name="Dual Echo" ID="184549379" Index="19" description="Delay puro com processamento de sinal em canal L/R separado por eco duplo.">
            </Algorithm>

            <Algorithm Name="Ice Delay" ID="184549427" Index="20" description="Delay especial que combina feedback normal com fatias de pitch deslocadas.
Use a função Tap Tempo para controlar o tempo de delay ligando o interruptor Sync. Quando o Sync estiver ligado, gire o botão Time para definir um valor de divisão de tap adequado. O valor padrão é 1/4 (sem divisão).">
            </Algorithm>
        </Catalog>


        <Catalog Name = "RVB">
            <Algorithm Name="Room" ID="201326592" Index="0" description="Simula a amplitude de uma sala">
            </Algorithm>

            <Algorithm Name="Hall" ID="201326593" Index="1" description="Simula a amplitude de uma sala de espetáculos">
            </Algorithm>

            <Algorithm Name="Church" ID="201326594" Index="2" description="Simula a amplitude de uma igreja">
            </Algorithm>

            <Algorithm Name="Plate" ID="201326595" Index="3" description="Simula o caráter sonoro produzido por um reverberador de placa vintage">
            </Algorithm>

            <Algorithm Name="Spring" ID="201326596" Index="4" description="Simula o caráter sonoro produzido por um reverberador de mola vintage">
            </Algorithm>

            <Algorithm Name="Studio" ID="201326603" Index="5" description="Este modelo de reverb recria a amplitude de um estúdio de gravação">
            </Algorithm>

            <Algorithm Name="Club" ID="201326604" Index="6" description="Este modelo de reverb recria a amplitude de um clube">
            </Algorithm>

            <Algorithm Name="Concert" ID="201326605" Index="7" description="Este modelo de reverberação recria a amplitude de uma sala de concertos">
            </Algorithm>

            <Algorithm Name="Arena" ID="201326606" Index="8" description="Este modelo de reverb recria a amplitude de uma arena ao vivo">
            </Algorithm>

            <Algorithm Name="N-Star" ID="201326598" Index="9" description="Efeito de reverberação especialmente ajustado com decaimentos brilhantes e exuberantes">
            </Algorithm>

            <Algorithm Name="Deepsea" ID="201326599" Index="10" description="Efeito de reverberação especialmente ajustado com decaimentos enormes e profundos">
            </Algorithm>

            <Algorithm Name="Sweet Space" ID="201326600" Index="11" description="Produz um efeito de reverberação modulado que é exuberante e doce">
            </Algorithm>

            <Algorithm Name="Shimmer" ID="201326601" Index="12" description="Produza um efeito de reverberação rico e brilhante">
            </Algorithm>

            <Algorithm Name="Amp Spring" ID="201326609" Index="13" description="Efeito de reverberação de mola em estado sólido proveniente de um amplificador combo.">
            </Algorithm>

            <Algorithm Name="Tube Spring" ID="201326610" Index="5" description="Este reverb simula o som proveniente de uma unidade de mola acionada por válvulas vintage.">
            </Algorithm>
        </Catalog>


        <Catalog Name = "VOL">
            <Algorithm Name="Volume" ID="100663299" Index="0" description="Controle de volume puro sem impurezas">
            </Algorithm>
        </Catalog>


    </Modules>
</PluginProperties>
